David J.,Malan,33 Oxford Street,Cambridge,MA,02138
Jay,Hou,8764 Forest Street,Ladson,SC,29456
Hugh,Zabriskie,2316 Grand Avenue,Jamestown,NY,14701
Dan,Armendariz,7470 Hawthorne Lane,Mentor,OH,44060
Dan,Coffey,2198 Evergreen Lane,Cincinnati,OH,45211
Adam,Zucker,1447 Briarwood Court,Taunton,MA,02780
Stelios,Rousoglou,2069 Valley Drive,Lake Worth,FL,33460
Samuel,Cummings,7385 Heather Court,Medford,MA,02155
Ian,Sexton,5366 7th Street,Columbia,MD,21044
Sean,Walker,4556 5th Avenue,Dubuque,IA,52001
Peter,Zhou,1865 Somerset Drive,Hummelstown,PA,17036
Shivam,Sarodia,8432 4th Street North,Kalamazoo,MI,49009
Miles,Fertel,9924 Orchard Lane,Severn,MD,21144
Glenn,Holloway,9490 8th Street South,Victoria,TX,77904
Filip,Bujaroski,2506 Manor Drive,Holyoke,MA,01040
Shanelle,Roman,5484 Cleveland Avenue,Camas,WA,98607
Jordan,Hayashi,1367 Laurel Lane,Orchard Park,NY,14127
Colton,Ogden,417 Washington Avenue,Parkersburg,OH,26101
Hari,Anbarasu,9868 Prospect Street,North Tonawanda,NY,14120
Annaleah,Ernst,4163 Heritage Drive,Evans,GA,30809
Rob,Bowden,6202 Dogwood Lane,Dublin,GA,31021
Shreyas,Tirumala,8453 Fawn Lane,Ladson,SC,29456
Stephanie,Hickman,2055 Creekside Drive,Decatur,GA,30030
Jason,Hirschhorn,2468 Broad Street,Wantagh,NY,11793
Brian,Yu,2809 North Street,San Carlos,CA,94070
Melinda,Li,8759 Valley View Drive,Mankato,MN,56001
Annie,Chen,3614 Roberts Road,South Portland,ME,04106
Shafeeq,Ibraheem,3636 Winding Way,Romeoville,IL,60446
Arturo,Real,8970 Fulton Street,Holly Springs,NC,27540
Jacob,Lurye,6072 Country Club Road,Doylestown,PA,18901
Jack,Deschler,6437 Orchard Lane,Youngstown,OH,44512
Nishant,Jain,7756 Shady Lane,Baltimore,MD,21206
Summer,Wu,6505 Linden Street,Seymour,IN,47274
Andi,Peng,9918 Liberty Street,Flushing,NY,11354
Kristina,Shia,8736 Brown Street,Lindenhurst,NY,11757
Camille,Rekhson,209 4th Street,Saint Petersburg,WV,33702
Anushree,Agrawal,8047 Highland Avenue,Gallatin,TN,37066
Anthony,Bau,8 Catherine Street,Wantagh,NY,11793
Saran,Morgan,4627 5th Street West,Egg Harbor Township,NJ,08234
Claire,Carroll,3692 Ridge Avenue,West Fargo,ND,58078
Noe,Miniel,169 Route 17,Olive Branch,MS,38654
Marinda,Horan,8973 Edgewood Drive,Green Cove Springs,FL,32043
Christian,Saravia,6720 State Street East,Elkhart,IN,46514
Connor,Doyle,6793 Route 41,Smyrna,GA,30080
Molly,Mullen,2245 Mulberry Street,Harrisonburg,VA,22801
Sam,Levatich,5006 North Street,Battle Creek,MI,49015
Doug,Lloyd,9696 Hickory Lane,Ft Mitchell,KY,41017
Cynthia,Vu,4236 Mill Street,Staunton,VA,24401
Stephen,Krewson,625 High Street,Martinsville,VA,24112
Ramon,Galvan,1051 Route 2,Palm City,FL,34990
Brian,Arroyo,9703 Magnolia Drive,Phoenixville,PA,19460
Larry,Zhang,1278 3rd Street,Mentor,OH,44060
Rachel,Prince,5761 Brookside Drive,Fairfax,VA,22030
Brahm,Gardner,2612 Madison Street,Lady Lake,FL,32159
Eric,Twark,7686 Parker Street,Ottumwa,IA,52501
Lauren,Scully,3700 Victoria Court,Dothan,AL,36301
Klaire,Tan,4533 Wall Street,Yuma,AZ,85365
Patrick,Rebeschini,2576 2nd Street West,Peachtree City,GA,30269
Ali,Monfre,456 Canterbury Court,Davison,MI,48423
Zamyla,Chan,3434 Andover Court,Wenatchee,WA,98801
Chi,Tong,6242 Lake Street,Dearborn Heights,MI,48127
Lee,Danilek,6704 Route 1,Grand Blanc,MI,48439
Davey,Proctor,8473 Pennsylvania Avenue,Riverside,NJ,08075
Felipe,Pires,6673 Carriage Drive,Glen Allen,VA,23059
Rick,Astley,3677 Orchard Street,Chattanooga,TN,37421
